amenity_type,lat,lon
school,52.381326,4.9132037
school,52.343361,4.8622625
school,52.3668387,4.8549605
school,52.3233121,4.8676061
school,52.3465856,4.8354225
school,52.3435094,4.9005338
school,52.3326919,4.8781709
school,52.3498157,4.7953374
school,52.329992,4.88806
school,52.3738312,4.8743934
school,52.365423,4.8673517
school,52.3530386,4.9254819
school,52.3327246,4.8776023
school,52.365241,4.8614669
school,52.3653131,4.8626578
school,52.3418015,4.7992948
school,52.3704766,4.9391123
school,52.3733594,4.9426116
school,52.3552067,4.8456694
school,52.3551919,4.8463493
school,52.3472717,4.8064665
school,52.3481913,4.878747
school,52.3518237,4.8935401
school,52.3559768,4.7929864
school,52.3471134,4.8627529
school,52.3757412,4.8296077
school,52.3836013,4.8853483
school,52.3731727,4.8551379
school,52.3717578,4.8574232
school,52.3744342,4.8606386
school,52.3196675,4.949602
school,52.3520981,4.8764128
school,52.3511885,4.8884428
school,52.3748348,4.9310968
school,52.3508098,4.7754694
school,52.3466671,4.8424599
school,52.3606513,4.9291442
school,52.3706192,4.9213573
school,52.3539339,4.8932567
school,52.3725348,4.9381439
school,52.3817207,4.8846203
school,52.3777035,4.8804509
school,52.3811868,4.8900415
school,52.3711391,4.8817741
school,52.3708834,4.9044929
school,52.3683431,4.9285239
school,52.3867768,4.8900567
school,52.3127299,4.8490397
school,52.3121573,4.8463733
school,52.3857157,4.8669044
school,52.385721,4.8660671
school,52.375249,4.8067677
school,52.3668358,4.8367683
school,52.3602839,4.8397797
school,52.3551899,4.7846945
school,52.3793737,4.8605161
school,52.3716637,4.868009
school,52.3640427,4.8763933
school,52.3645339,4.8592981
school,52.3517112,4.8784287
school,52.3514226,4.8699044
school,52.3510897,4.8698055
school,52.3509662,4.87035
school,52.3495906,4.8764423
school,52.3486438,4.875734
school,52.3485,4.8757357
school,52.3479369,4.8743773
school,52.3487738,4.8746171
school,52.3456859,4.883913
school,52.3523643,4.8925558
school,52.3265955,4.8712938
school,52.322197,4.8603147
school,52.3586897,4.9254268
school,52.3615415,4.926216
school,52.3533059,4.9447126
school,52.3635599,4.9439627
school,52.3977722,4.9065365
school,52.4057877,4.916392
school,52.3962532,4.9357902
school,52.3947044,4.9322309
school,52.3816124,4.912836
school,52.351541,4.8632076
school,52.3609864,4.8231011
school,52.3636989,4.8705277
school,52.3941814,4.8730885
school,52.3560446,4.882461
school,52.3661817,4.9058942
school,52.3357341,4.8816352
school,52.3395776,4.9185145
school,52.3616473,4.8900889
school,52.3161729,4.8629935
school,52.3790534,4.8402038
school,52.3617477,4.9182722
school,52.3607134,4.8302634
school,52.3800816,4.8847404
school,52.3388207,4.8996475
school,52.3883193,4.9038001
school,52.3533915,4.9448651
school,52.3512812,4.8969175
school,52.3318578,4.8652737
school,52.3283226,4.9405616
school,52.3682703,4.9494233
school,52.4003757,4.9258642
school,52.3636889,4.8580577
school,52.4049217,4.9299678
school,52.3396855,4.8929144
school,52.3730143,4.8407327
school,52.3612116,4.7944332
school,52.336456,4.9254988
school,52.3613279,4.8924334
school,52.3911504,4.856146
school,52.3481411,4.9077668
park,52.332242,4.8912935
park,52.3899596,4.9385813
park,52.3898741,4.8311236
supermarket,52.34894,4.8402692
supermarket,52.3549932,4.8267734
supermarket,52.3547176,4.9201804
supermarket,52.3572137,4.8797759
supermarket,52.3488208,4.8777461
supermarket,52.3527583,4.9026013
supermarket,52.318013,4.8659286
supermarket,52.3457535,4.8636889
supermarket,52.3310675,4.8780398
supermarket,52.3536599,4.8696309
supermarket,52.3640618,4.855153
supermarket,52.3636734,4.8375816
supermarket,52.3816138,4.8888813
supermarket,52.3738812,4.8839268
supermarket,52.3784456,4.8844536
supermarket,52.3624356,4.9398394
supermarket,52.362449,4.9255528
supermarket,52.3726884,4.8997302
supermarket,52.362843,4.8922067
supermarket,52.3698562,4.8818702
supermarket,52.3627631,4.8746398
supermarket,52.3258987,4.8598999
supermarket,52.3438435,4.9086625
supermarket,52.360578,4.8902035
supermarket,52.3500811,4.8886114
supermarket,52.3991,4.93575
supermarket,52.3262421,4.8831505
supermarket,52.3557456,4.9107921
supermarket,52.3497202,4.786632
supermarket,52.3632497,4.9316942
supermarket,52.3682131,4.871218
supermarket,52.3131428,4.8766508
supermarket,52.382555,4.8778677
supermarket,52.3915532,4.8778865
supermarket,52.351067,4.8919048
supermarket,52.34678,4.9046879
supermarket,52.3719917,4.9001954
supermarket,52.3119604,4.8752802
supermarket,52.364209,4.9053436
supermarket,52.3837271,4.8460083
supermarket,52.3847281,4.9181125
supermarket,52.3141525,4.8628002
supermarket,52.3571729,4.8922495
supermarket,52.3538192,4.8909915
supermarket,52.3560493,4.9269333
supermarket,52.3558861,4.9251423
supermarket,52.3786576,4.8467614
supermarket,52.3818418,4.8559805
supermarket,52.3796501,4.8232498
supermarket,52.3521575,4.7994975
supermarket,52.3384831,4.7778582
supermarket,52.3619996,4.8642915
supermarket,52.3442901,4.8914252
supermarket,52.3809281,4.8219117
supermarket,52.3492299,4.8399152
supermarket,52.3205896,4.8751563
supermarket,52.3786438,4.8838068
supermarket,52.366607,4.8703682
supermarket,52.3591985,4.8028753
supermarket,52.3244979,4.8683478
supermarket,52.3687164,4.9268201
supermarket,52.3327091,4.9397012
supermarket,52.3432081,4.9066964
supermarket,52.3784781,4.8958868
supermarket,52.3257332,4.8714211
supermarket,52.3470164,4.9052552
supermarket,52.3740031,4.9007231
supermarket,52.3517607,4.8604453
supermarket,52.365416,4.8978876
supermarket,52.3641067,4.8766569
supermarket,52.3694252,4.879283
supermarket,52.3547235,4.9015438
supermarket,52.3523878,4.852273
supermarket,52.3679551,4.8741705
supermarket,52.3611752,4.8997539
supermarket,52.3565968,4.9187424
supermarket,52.3685515,4.9023015
supermarket,52.3715884,4.8738348
supermarket,52.3732368,4.9387449
supermarket,52.3790436,4.84655
supermarket,52.3558314,4.8260012
supermarket,52.3688459,4.9036621
supermarket,52.3664344,4.9243536
supermarket,52.361537,4.9405929
supermarket,52.3713243,4.8617903
supermarket,52.3622526,4.9122853
supermarket,52.349932,4.9397256
supermarket,52.3550701,4.7856063
supermarket,52.3319059,4.8743905
supermarket,52.3618767,4.7975348
supermarket,52.349288,4.849778
supermarket,52.3585556,4.8029438
supermarket,52.3836237,4.8760256
supermarket,52.3811954,4.8896101
supermarket,52.3251753,4.9246799
supermarket,52.3638939,4.9373446
supermarket,52.3636612,4.9321272
supermarket,52.3635473,4.9338235
supermarket,52.3635852,4.9349766
supermarket,52.3634256,4.932598
supermarket,52.3633908,4.9323622
supermarket,52.3561557,4.9185173
supermarket,52.3636775,4.9271777
supermarket,52.3625107,4.9280646
supermarket,52.3631401,4.9274816
supermarket,52.3612564,4.9286792
supermarket,52.3609746,4.9402606
supermarket,52.3604086,4.9404551
supermarket,52.3540342,4.8899012
supermarket,52.3579125,4.9014698
supermarket,52.3573336,4.8971131
supermarket,52.3704166,4.8851104
supermarket,52.3522299,4.9028477
supermarket,52.3838987,4.885178
supermarket,52.3793082,4.8938782
supermarket,52.3732809,4.8952155
supermarket,52.3633839,4.8820679
supermarket,52.3699591,4.9198033
supermarket,52.3789157,4.8792326
supermarket,52.3760877,4.9067549
supermarket,52.3570557,4.9281602
supermarket,52.3116007,4.8478734
supermarket,52.3893851,4.8796428
supermarket,52.3790639,4.8013039
supermarket,52.3791655,4.8036671
supermarket,52.3764726,4.8187167
supermarket,52.3776694,4.8194598
supermarket,52.3569916,4.8276512
supermarket,52.3556159,4.8258014
supermarket,52.3566835,4.7934597
supermarket,52.3562942,4.7915641
supermarket,52.3100747,4.8701144
supermarket,52.3149247,4.8634894
supermarket,52.3458024,4.8109148
supermarket,52.3459131,4.8115009
supermarket,52.3836824,4.8644019
supermarket,52.3712089,4.8708777
supermarket,52.3632846,4.8778499
supermarket,52.3618779,4.8810786
supermarket,52.3636792,4.8749228
supermarket,52.3587807,4.8550064
supermarket,52.3511901,4.8519714
supermarket,52.3509667,4.8542191
supermarket,52.3507004,4.8538202
supermarket,52.374448,4.935934
supermarket,52.3740522,4.9377197
supermarket,52.3739386,4.9386165
supermarket,52.3472483,4.8772036
supermarket,52.3460683,4.8663566
supermarket,52.3541051,4.9020095
supermarket,52.3434858,4.8950279
supermarket,52.3471137,4.9052067
supermarket,52.3319389,4.8843047
supermarket,52.3307361,4.8760736
supermarket,52.3570966,4.9142478
supermarket,52.3620453,4.9253401
supermarket,52.3621752,4.9260115
supermarket,52.3623272,4.9249791
supermarket,52.3557035,4.9282388
supermarket,52.353442,4.9315569
supermarket,52.3921826,4.9132734
supermarket,52.4083854,4.9157297
supermarket,52.3992095,4.9376117
supermarket,52.3979977,4.9383878
supermarket,52.3982724,4.9397367
supermarket,52.3907657,4.9251809
supermarket,52.3901455,4.924556
supermarket,52.3832636,4.9197677
supermarket,52.3574396,4.9394134
supermarket,52.3130615,4.9457851
supermarket,52.384902,4.8840567
supermarket,52.3748924,4.8709607
supermarket,52.3686464,4.870832
supermarket,52.3692132,4.8789073
supermarket,52.3508329,4.9242271
supermarket,52.3708588,4.870686
supermarket,52.3715043,4.8577207
supermarket,52.3972389,4.9395408
supermarket,52.408302,4.9159362
supermarket,52.3556639,4.9253382
supermarket,52.3597125,4.891796
supermarket,52.3601265,4.8892289
supermarket,52.3846706,4.8643022
supermarket,52.352021,4.8010557
supermarket,52.363275,4.8370867
supermarket,52.3390863,4.9206037
supermarket,52.3433827,4.9060851
supermarket,52.4071177,4.9031641
supermarket,52.3903557,4.9151724
supermarket,52.3676095,4.9265135
supermarket,52.3847627,4.9032416
supermarket,52.3911912,4.9132261
supermarket,52.3747276,4.8607837
supermarket,52.338633,4.7788206
supermarket,52.3334124,4.8657866
supermarket,52.3550767,4.8916834
supermarket,52.3884326,4.8375078
supermarket,52.3779387,4.8475975
supermarket,52.3755253,4.8736025
supermarket,52.3728416,4.8902458
supermarket,52.3694578,4.8517767
supermarket,52.3596772,4.8620911
supermarket,52.3523186,4.8557983
supermarket,52.3775326,4.8016427
supermarket,52.3395081,4.8928771
supermarket,52.3460374,4.8952278
supermarket,52.3364935,4.8717853
supermarket,52.3476279,4.9050539
supermarket,52.3623679,4.9268367
supermarket,52.3597368,4.8595467
supermarket,52.3445879,4.857109
supermarket,52.3635368,4.8636681
supermarket,52.3622762,4.8644712
supermarket,52.3606108,4.8651738
supermarket,52.3588284,4.9098438
supermarket,52.3644316,4.8543569
supermarket,52.3691906,4.9027308
supermarket,52.33155,4.8787765
supermarket,52.3823547,4.7976136
supermarket,52.3994488,4.9362972
supermarket,52.364046,4.8538851
supermarket,52.4017789,4.8925356
supermarket,52.3675637,4.865455
supermarket,52.3576022,4.8045431
supermarket,52.336177,4.7778898
supermarket,52.3466239,4.9200343
supermarket,52.33969,4.8690596
supermarket,52.357082,4.8988529
supermarket,52.3418037,4.8257021
supermarket,52.358282,4.8040021
supermarket,52.3842161,4.8566315
supermarket,52.3261055,4.926916
supermarket,52.3653228,4.8756803
supermarket,52.3671122,4.8889015
supermarket,52.3559876,4.8949408
supermarket,52.325951,4.8682831
supermarket,52.3459192,4.8912116
supermarket,52.3643341,4.8611771
supermarket,52.356557,4.8364921
supermarket,52.3635843,4.9353493
supermarket,52.3608925,4.9363644
supermarket,52.3567593,4.912962
supermarket,52.3635906,4.8362931
supermarket,52.3480806,4.8613919
supermarket,52.3557629,4.8384868
bus_stop,52.340489,4.7900155
bus_stop,52.3775878,4.8463385
bus_stop,52.3127497,4.9499148
bus_stop,52.36196,4.881148
bus_stop,52.3415953,4.7932054
bus_stop,52.3418043,4.7932052
bus_stop,52.3297133,4.9399293
bus_stop,52.3300325,4.940151
bus_stop,52.3325137,4.9409875
bus_stop,52.3323712,4.9410663
bus_stop,52.3577153,4.9442634
bus_stop,52.357613,4.9446655
bus_stop,52.3589967,4.9408343
bus_stop,52.3613445,4.9328607
bus_stop,52.3523594,4.9477449
bus_stop,52.3487119,4.9414936
bus_stop,52.3455153,4.9365555
bus_stop,52.3458716,4.9318949
bus_stop,52.3463777,4.9314393
bus_stop,52.3472783,4.928604
bus_stop,52.3460015,4.9243202
bus_stop,52.3458654,4.9246623
bus_stop,52.3656126,4.8042516
bus_stop,52.3659913,4.8042144
bus_stop,52.3702166,4.8514928
bus_stop,52.3703961,4.8500384
bus_stop,52.3701648,4.8507854
bus_stop,52.3245559,4.8696069
bus_stop,52.3410802,4.8279702
bus_stop,52.340706,4.827531
bus_stop,52.3143431,4.949038
bus_stop,52.3142756,4.9495425
bus_stop,52.3432154,4.9475131
bus_stop,52.3476259,4.9404764
bus_stop,52.350194,4.9338365
bus_stop,52.3504166,4.9345556
bus_stop,52.3130617,4.9493119
bus_stop,52.3928206,4.9133998
bus_stop,52.3985872,4.9120806
bus_stop,52.3924453,4.8450919
bus_stop,52.3922153,4.8432083
bus_stop,52.3739482,4.9054983
bus_stop,52.396298,4.9139606
bus_stop,52.393157,4.9139017
bus_stop,52.3964155,4.9141452
bus_stop,52.4033475,4.8961204
bus_stop,52.3987916,4.9120999
bus_stop,52.4032113,4.8968024
bus_stop,52.4053005,4.9199903
bus_stop,52.3852901,4.9182278
bus_stop,52.4057722,4.9223155
bus_stop,52.3442105,4.8275037
bus_stop,52.3551342,4.8272646
bus_stop,52.4061889,4.9220004
bus_stop,52.3693785,4.8443288
bus_stop,52.3771934,4.8464234
bus_stop,52.3946581,4.9284647
bus_stop,52.4057077,4.9111696
bus_stop,52.386261,4.9226567
bus_stop,52.4058388,4.920234
bus_stop,52.3874889,4.9117219
bus_stop,52.3875597,4.9135914
bus_stop,52.3692575,4.8444892
bus_stop,52.389101,4.9251275
bus_stop,52.394865,4.9288408
bus_stop,52.4049759,4.910043
bus_stop,52.4078881,4.9138446
bus_stop,52.3694461,4.8383423
bus_stop,52.3874015,4.9110572
bus_stop,52.343414,4.8279348
bus_stop,52.3888852,4.9248606
bus_stop,52.4078927,4.9135655
bus_stop,52.3696195,4.8380358
bus_stop,52.3850591,4.9176193
bus_stop,52.3859979,4.9209431
bus_stop,52.4039197,4.9290966
bus_stop,52.3874599,4.9134351
bus_stop,52.3771549,4.862919
bus_stop,52.3752613,4.870595
bus_stop,52.3945479,4.8088864
bus_stop,52.3901959,4.8269676
bus_stop,52.3750821,4.8708319
bus_stop,52.3979744,4.7776807
bus_stop,52.3902555,4.8201059
bus_stop,52.3902003,4.8331223
bus_stop,52.3810193,4.8551527
bus_stop,52.3975549,4.7952342
bus_stop,52.3900862,4.8279674
bus_stop,52.3816444,4.8588001
bus_stop,52.3973318,4.7790374
bus_stop,52.3950184,4.8074379
bus_stop,52.3900938,4.8334174
bus_stop,52.3809655,4.8597334
bus_stop,52.3781673,4.8623664
bus_stop,52.3979318,4.7938352
bus_stop,52.3900827,4.8215625
bus_stop,52.3260914,4.8794364
bus_stop,52.3341583,4.8794685
bus_stop,52.3266215,4.8795783
bus_stop,52.3248524,4.877049
bus_stop,52.3344747,4.8790008
bus_stop,52.3373046,4.8766771
bus_stop,52.3246683,4.8751102
bus_stop,52.33092,4.879574
bus_stop,52.3369632,4.877254
bus_stop,52.3415745,4.8009753
bus_stop,52.3512422,4.856734
bus_stop,52.3432274,4.7973981
bus_stop,52.3470382,4.846544
bus_stop,52.3470395,4.8384823
bus_stop,52.3397731,4.7753506
bus_stop,52.337984,4.7834175
bus_stop,52.3413599,4.8074752
bus_stop,52.3468246,4.8426456
bus_stop,52.3506304,4.8494018
bus_stop,52.3416651,4.801122
bus_stop,52.3468905,4.8337234
bus_stop,52.3431847,4.7976387
bus_stop,52.338431,4.7730654
bus_stop,52.3507256,4.8495231
bus_stop,52.3469428,4.8285137
bus_stop,52.3470378,4.8331505
bus_stop,52.3470537,4.8468358
bus_stop,52.3517583,4.8564723
bus_stop,52.337817,4.78292
bus_stop,52.3469045,4.8424245
bus_stop,52.3383732,4.7719338
bus_stop,52.3469382,4.8388639
bus_stop,52.3398724,4.7754373
bus_stop,52.3414232,4.8067601
bus_stop,52.3468545,4.8289743
bus_stop,52.3382331,4.8573523
bus_stop,52.3295148,4.7829275
bus_stop,52.3350716,4.8761986
bus_stop,52.3286326,4.7840922
bus_stop,52.3360141,4.780475
bus_stop,52.3321453,4.7791638
bus_stop,52.3234462,4.7863728
bus_stop,52.3237389,4.7854851
bus_stop,52.3217882,4.7747515
bus_stop,52.3291981,4.8026855
bus_stop,52.3320027,4.869693
bus_stop,52.3320442,4.8764015
bus_stop,52.3321236,4.8697031
bus_stop,52.3220255,4.7748573
bus_stop,52.3292612,4.8025532
bus_stop,52.3193345,4.9482522
bus_stop,52.3511629,4.8495714
bus_stop,52.3350339,4.9417884
bus_stop,52.3353122,4.9419365
bus_stop,52.3460233,4.8162884
bus_stop,52.3458103,4.815886
bus_stop,52.3505651,4.8105122
bus_stop,52.3475201,4.8053718
bus_stop,52.3469581,4.8053102
bus_stop,52.3537183,4.8075959
bus_stop,52.3593589,4.8077813
bus_stop,52.3926218,4.9269245
bus_stop,52.3904455,4.9456813
bus_stop,52.3941606,4.9345553
bus_stop,52.392691,4.9395228
bus_stop,52.3734195,4.9064773
bus_stop,52.3950048,4.9446154
bus_stop,52.3941478,4.9480037
bus_stop,52.387722,4.9231737
bus_stop,52.3907852,4.945874
bus_stop,52.3723269,4.9094836
bus_stop,52.3925736,4.9403953
bus_stop,52.3899562,4.9488121
bus_stop,52.3936136,4.949413
bus_stop,52.4034035,4.9413908
bus_stop,52.3981458,4.9322578
bus_stop,52.403129,4.9424457
bus_stop,52.4013769,4.9442707
bus_stop,52.4023409,4.9376046
bus_stop,52.4081644,4.9230739
bus_stop,52.4086637,4.9241196
bus_stop,52.4082598,4.8987878
bus_stop,52.3991742,4.907681
bus_stop,52.4082474,4.8996049
bus_stop,52.4033004,4.8977648
bus_stop,52.4087966,4.8954501
bus_stop,52.4036433,4.9159799
bus_stop,52.3407407,4.8964871
bus_stop,52.3400983,4.8252164
bus_stop,52.3993263,4.9074916
bus_stop,52.3409095,4.9019399
bus_stop,52.3404398,4.8984382
bus_stop,52.3388591,4.9396789
bus_stop,52.3399499,4.9383064
bus_stop,52.3474338,4.9397468
bus_stop,52.3454621,4.9362362
bus_stop,52.324767,4.9424088
bus_stop,52.324906,4.94245
bus_stop,52.322754,4.9453036
bus_stop,52.3231487,4.9446131
bus_stop,52.3280187,4.9394149
bus_stop,52.3279697,4.939281
bus_stop,52.322916,4.9362368
bus_stop,52.3229636,4.9359667
bus_stop,52.3241404,4.9313492
bus_stop,52.324283,4.9311466
bus_stop,52.3485663,4.8161595
bus_stop,52.3481501,4.8158564
bus_stop,52.3713304,4.9383586
bus_stop,52.3654364,4.9394503
bus_stop,52.3712232,4.9392477
bus_stop,52.3655297,4.9395843
bus_stop,52.3615445,4.9392705
bus_stop,52.3592206,4.8217311
bus_stop,52.3590519,4.8218117
bus_stop,52.3536236,4.8081286
bus_stop,52.3543221,4.811593
bus_stop,52.3545407,4.8117292
bus_stop,52.3308243,4.8793221
bus_stop,52.3240883,4.8688177
bus_stop,52.3629079,4.8036438
bus_stop,52.3189741,4.9490388
bus_stop,52.360442,4.7914956
bus_stop,52.3599457,4.7897669
bus_stop,52.3848961,4.883403
bus_stop,52.3616216,4.9241919
bus_stop,52.3586326,4.8080114
bus_stop,52.3583449,4.8003057
bus_stop,52.3582122,4.8007643
bus_stop,52.3450218,4.8073179
bus_stop,52.3448649,4.8073126
bus_stop,52.3444766,4.8113009
bus_stop,52.3418672,4.8933267
bus_stop,52.358207,4.8522597
bus_stop,52.3777943,4.8449423
bus_stop,52.3870793,4.8389123
bus_stop,52.3874015,4.8388711
bus_stop,52.3874962,4.8388597
bus_stop,52.3877297,4.8388289
bus_stop,52.3428833,4.9478548
bus_stop,52.3684415,4.9396257
bus_stop,52.3676784,4.9393226
bus_stop,52.3710067,4.9133407
bus_stop,52.3707443,4.9133522
bus_stop,52.323636,4.8611539
bus_stop,52.3307121,4.9460723
bus_stop,52.3670831,4.8722954
bus_stop,52.3566841,4.8343944
bus_stop,52.3566929,4.8346528
bus_stop,52.3566908,4.8345309
bus_stop,52.3708114,4.9386715
bus_stop,52.3908462,4.8838792
bus_stop,52.3911177,4.8844595
bus_stop,52.3923532,4.8771078
bus_stop,52.3921309,4.8777253
bus_stop,52.3923727,4.8620217
bus_stop,52.3926426,4.8604028
bus_stop,52.3919529,4.8567618
bus_stop,52.3921807,4.8543332
bus_stop,52.3890504,4.8915378
bus_stop,52.3893992,4.8916364
bus_stop,52.3850905,4.8930982
bus_stop,52.3727832,4.918366
bus_stop,52.3722543,4.9179671
bus_stop,52.3765444,4.9219545
bus_stop,52.3766023,4.9217113
bus_stop,52.379789,4.9236598
bus_stop,52.3794855,4.9231289
bus_stop,52.3790067,4.9296553
bus_stop,52.3786835,4.9312827
bus_stop,52.3732993,4.9386452
bus_stop,52.3722344,4.9467419
bus_stop,52.3679188,4.9244207
bus_stop,52.3641043,4.9396124
bus_stop,52.3640248,4.9394468
bus_stop,52.3770362,4.9427762
bus_stop,52.377143,4.9424087
bus_stop,52.3771098,4.9460234
bus_stop,52.3855359,4.8752343
bus_stop,52.3735854,4.9388387
bus_stop,52.3865168,4.8189602
bus_stop,52.3863024,4.8185525
bus_stop,52.3641005,4.8433593
bus_stop,52.3642028,4.8431146
bus_stop,52.3640652,4.8395892
bus_stop,52.3641594,4.8393311
bus_stop,52.3748291,4.8603012
bus_stop,52.3743017,4.8586138
bus_stop,52.3832872,4.8133853
bus_stop,52.3833922,4.8146001
bus_stop,52.3787084,4.874082
bus_stop,52.3842771,4.855383
bus_stop,52.397887,4.8752371
bus_stop,52.3849774,4.8559753
bus_stop,52.3852347,4.867524
bus_stop,52.3853986,4.8687226
bus_stop,52.3851996,4.8638702
bus_stop,52.385298,4.862217
bus_stop,52.3966737,4.9398446
bus_stop,52.3900501,4.9484065
bus_stop,52.3874488,4.9496111
bus_stop,52.3875744,4.9493481
bus_stop,52.4022469,4.9372359
bus_stop,52.394947,4.9452274
bus_stop,52.3880181,4.9230305
bus_stop,52.3944686,4.9342105
bus_stop,52.3768453,4.9023769
bus_stop,52.4011465,4.9442948
bus_stop,52.4032082,4.8980061
bus_stop,52.3570518,4.918073
bus_stop,52.3572494,4.9180989
bus_stop,52.4037332,4.9161995
bus_stop,52.3511455,4.9232245
bus_stop,52.3515329,4.9228292
bus_stop,52.3529625,4.9207917
bus_stop,52.398224,4.9445271
bus_stop,52.3531218,4.9207331
bus_stop,52.4088926,4.8954765
bus_stop,52.398269,4.944358
bus_stop,52.3981779,4.9063346
bus_stop,52.3989919,4.9061306
bus_stop,52.3844816,4.91415
bus_stop,52.3851779,4.9142573
bus_stop,52.3830252,4.913656
bus_stop,52.3831175,4.9132395
bus_stop,52.3942349,4.9023018
bus_stop,52.3943974,4.9026939
bus_stop,52.3470633,4.9388728
bus_stop,52.3492101,4.9427341
bus_stop,52.3523519,4.9480015
bus_stop,52.3588619,4.9406837
bus_stop,52.3353181,4.9460801
bus_stop,52.3357634,4.9454729
bus_stop,52.3679464,4.8007759
bus_stop,52.3689407,4.8006578
bus_stop,52.3535467,4.8095196
bus_stop,52.3538027,4.8095931
bus_stop,52.3878271,4.8218681
bus_stop,52.3879159,4.8210861
bus_stop,52.3878699,4.8284725
bus_stop,52.3879612,4.8264951
bus_stop,52.3747377,4.8014115
bus_stop,52.3749396,4.8020379
bus_stop,52.3626224,4.805842
bus_stop,52.3638374,4.8053819
bus_stop,52.3708473,4.8002458
bus_stop,52.3710997,4.800482
bus_stop,52.3317447,4.8897193
bus_stop,52.3317398,4.8902155
bus_stop,52.33401,4.889706
bus_stop,52.3350616,4.8901459
bus_stop,52.3258566,4.8903695
bus_stop,52.3259753,4.8898281
bus_stop,52.3409796,4.9016845
bus_stop,52.324819,4.8833515
bus_stop,52.3249442,4.8820476
bus_stop,52.3589821,4.7799375
bus_stop,52.3615618,4.7830642
bus_stop,52.3619494,4.7842821
bus_stop,52.3550015,4.7750998
bus_stop,52.3480252,4.9302393
bus_stop,52.3551175,4.8153732
bus_stop,52.3552495,4.8152803
bus_stop,52.3533697,4.9395009
bus_stop,52.35365,4.9397718
bus_stop,52.3610108,4.7942891
bus_stop,52.3482136,4.8819053
bus_stop,52.3482149,4.8823041
bus_stop,52.3555863,4.9397663
bus_stop,52.3557447,4.9397158
bus_stop,52.3622997,4.7876741
bus_stop,52.3624469,4.7878839
bus_stop,52.3470027,4.878222
bus_stop,52.3619606,4.7995779
bus_stop,52.3620627,4.7995184
bus_stop,52.3583318,4.7794486
bus_stop,52.3611555,4.7957155
bus_stop,52.3436084,4.8908349
bus_stop,52.344448,4.8908584
bus_stop,52.3469638,4.8896034
bus_stop,52.3474308,4.8896497
bus_stop,52.3560617,4.8225198
bus_stop,52.3562263,4.8220453
bus_stop,52.3564474,4.8213506
bus_stop,52.3565856,4.8215104
bus_stop,52.3598988,4.7811849
bus_stop,52.3744751,4.8117728
bus_stop,52.3745737,4.8120658
bus_stop,52.374771,4.805551
bus_stop,52.391765,4.7809096
bus_stop,52.3917849,4.7886171
bus_stop,52.3957522,4.7932897
bus_stop,52.3962517,4.7946348
bus_stop,52.3957447,4.7873308
bus_stop,52.3909201,4.7904644
bus_stop,52.3917736,4.7850045
bus_stop,52.3957301,4.7796847
bus_stop,52.3969726,4.7942588
bus_stop,52.3687652,4.9045019
bus_stop,52.3614526,4.9076087
bus_stop,52.3667727,4.8064084
bus_stop,52.3761234,4.8131469
bus_stop,52.3728211,4.8365013
bus_stop,52.3498594,4.7815211
bus_stop,52.3566101,4.7916851
bus_stop,52.3492366,4.7871611
bus_stop,52.3640063,4.835728
bus_stop,52.3641286,4.8353541
bus_stop,52.353,4.7737538
bus_stop,52.3517545,4.7768161
bus_stop,52.3569243,4.7975534
bus_stop,52.3278739,4.8817592
bus_stop,52.3121562,4.8719705
bus_stop,52.3114399,4.872671
bus_stop,52.3298462,4.9341046
bus_stop,52.3299003,4.9348653
bus_stop,52.3486635,4.9180588
bus_stop,52.3492402,4.9177717
bus_stop,52.3401572,4.920067
bus_stop,52.3514157,4.8353457
bus_stop,52.3515496,4.8310122
bus_stop,52.3977317,4.874896
bus_stop,52.33133,4.7792027
bus_stop,52.3403829,4.7897744
bus_stop,52.35297,4.7996979
bus_stop,52.3548692,4.827417
bus_stop,52.3999371,4.9389175
bus_stop,52.3464012,4.81666
bus_stop,52.3462342,4.8166901
bus_stop,52.3457944,4.8330767
bus_stop,52.3103407,4.9464074
bus_stop,52.3404559,4.8243653
bus_stop,52.3415884,4.8249192
bus_stop,52.3396964,4.8217086
bus_stop,52.3396833,4.8215705
bus_stop,52.4037277,4.9290089
bus_stop,52.3255716,4.7923054
bus_stop,52.3248691,4.7939007
bus_stop,52.3884194,4.8387742
bus_stop,52.3883502,4.8387487
bus_stop,52.3882401,4.8387631
bus_stop,52.38794,4.8388026
bus_stop,52.3878245,4.8388171
bus_stop,52.3602355,4.886494
bus_stop,52.3488904,4.8573242
bus_stop,52.349087,4.8572909
bus_stop,52.3490541,4.8573755
bus_stop,52.3492183,4.8576704
bus_stop,52.3210559,4.8176491
bus_stop,52.3275969,4.8152297
bus_stop,52.3305537,4.8081507
bus_stop,52.3327847,4.8028163
bus_stop,52.3338797,4.7915341
bus_stop,52.3340091,4.7915689
bus_stop,52.3363216,4.7901359
bus_stop,52.3450493,4.8829984
bus_stop,52.3450731,4.8826363
bus_stop,52.342118,4.7773482
bus_stop,52.3454406,4.779477
bus_stop,52.3453915,4.7793054
bus_stop,52.3754592,4.8007451
bus_stop,52.3752045,4.8009758
bus_stop,52.3797185,4.7980364
bus_stop,52.3318527,4.8791985
bus_stop,52.3893202,4.8364088
bus_stop,52.3914857,4.8403453
bus_stop,52.3609449,4.9289311
bus_stop,52.361743,4.9401712
bus_stop,52.3622945,4.9440924
bus_stop,52.3647919,4.9474984
bus_stop,52.3976988,4.937307
bus_stop,52.4026375,4.9117921
bus_stop,52.3968599,4.940155
bus_stop,52.3480481,4.9286491
bus_stop,52.4026588,4.9114032
bus_stop,52.3649335,4.9478901
bus_stop,52.3621253,4.9433977
bus_stop,52.361081,4.9297718
bus_stop,52.3598956,4.9249227
bus_stop,52.3598017,4.9254997
bus_stop,52.357015,4.9272548
bus_stop,52.3535798,4.9308962
bus_stop,52.350741,4.9354267
bus_stop,52.3980538,4.931794
bus_stop,52.3615581,4.9388327
bus_stop,52.3884921,4.9050225
bus_stop,52.3886648,4.9051472
bus_stop,52.3574304,4.9268761
bus_stop,52.3601299,4.9256886
bus_stop,52.3946984,4.8740204
bus_stop,52.3946766,4.8731384
bus_stop,52.3510521,4.9347764
bus_stop,52.3479125,4.9398574
bus_stop,52.3768178,4.9373845
bus_stop,52.3766104,4.9372894
bus_stop,52.3491031,4.8275351
bus_stop,52.3492325,4.8274094
bus_stop,52.3824177,4.805752
bus_stop,52.3822879,4.7988949
bus_stop,52.3760109,4.7976484
bus_stop,52.3462882,4.8232401
bus_stop,52.3763511,4.7975693
bus_stop,52.3787684,4.7978782
bus_stop,52.3820689,4.7977235
bus_stop,52.3428639,4.8963365
bus_stop,52.336909,4.8906652
bus_stop,52.3429593,4.8683401
bus_stop,52.3421194,4.8681759
bus_stop,52.3543863,4.7746009
bus_stop,52.3576324,4.8267604
bus_stop,52.3579403,4.8277363
bus_stop,52.3446485,4.9010389
bus_stop,52.3764657,4.8134638
bus_stop,52.3615939,4.8532169
bus_stop,52.3673843,4.8523338
bus_stop,52.3709804,4.8554859
bus_stop,52.3717986,4.8593962
bus_stop,52.3533517,4.8949176
bus_stop,52.3550281,4.9010451
bus_stop,52.3993161,4.9446394
bus_stop,52.399626,4.944334
bus_stop,52.3994425,4.9396
bus_stop,52.3706325,4.9161676
bus_stop,52.3707704,4.9160979
bus_stop,52.3851138,4.8837177
bus_stop,52.3916833,4.8486769
bus_stop,52.3919441,4.840034
bus_stop,52.3920791,4.8482411
bus_stop,52.38936,4.8795005
bus_stop,52.3888618,4.8797712
bus_stop,52.3852587,4.8814145
bus_stop,52.3853766,4.8815551
bus_stop,52.3831132,4.888033
bus_stop,52.3833019,4.8878662
bus_stop,52.3267495,4.8575549
bus_stop,52.3675135,4.9309207
bus_stop,52.3674205,4.9315684
bus_stop,52.3678309,4.9243299
bus_stop,52.3694102,4.91969
bus_stop,52.3695716,4.9195735
bus_stop,52.381499,4.8915109
bus_stop,52.3816704,4.8913321
bus_stop,52.3800943,4.8995252
bus_stop,52.3321637,4.8762406
bus_stop,52.3277469,4.8621665
bus_stop,52.3236396,4.8658611
bus_stop,52.336607,4.8731017
bus_stop,52.3824888,4.8041827
bus_stop,52.3756514,4.8669501
bus_stop,52.3757766,4.8666335
bus_stop,52.3646442,4.8786728
bus_stop,52.3790264,4.8753531
bus_stop,52.3594955,4.8033998
bus_stop,52.3590614,4.8030538
bus_stop,52.3615109,4.8272952
bus_stop,52.3607934,4.8270243
bus_stop,52.3640643,4.8291303
bus_stop,52.3639702,4.8300718
bus_stop,52.3643473,4.852512
bus_stop,52.3813657,4.8711756
bus_stop,52.381245,4.8709961
bus_stop,52.3796916,4.8717576
bus_stop,52.3795104,4.8716153
bus_stop,52.3833639,4.8704403
bus_stop,52.383325,4.8702655
bus_stop,52.3516259,4.8387517
bus_stop,52.3580015,4.8923116
bus_stop,52.3579123,4.8918918
bus_stop,52.3603501,4.8866072
bus_stop,52.3797949,4.900341
bus_stop,52.3797838,4.9008618
bus_stop,52.328188,4.8691201
bus_stop,52.3273274,4.8686639
bus_stop,52.3281005,4.8829779
bus_stop,52.407926,4.9178565
bus_stop,52.3796597,4.9007132
bus_stop,52.379452,4.9012879
bus_stop,52.3800419,4.9001527
bus_stop,52.3773744,4.9135876
bus_stop,52.3750994,4.931079
bus_stop,52.3738969,4.9376819
bus_stop,52.3750559,4.930669
bus_stop,52.3760501,4.9226766
bus_stop,52.3802528,4.8995602
bus_stop,52.3515527,4.8501987
bus_stop,52.3551861,4.8501831
bus_stop,52.3554081,4.8504758
bus_stop,52.3763393,4.8470069
bus_stop,52.3625755,4.8806669
bus_stop,52.3881461,4.838766
bus_stop,52.38804,4.838777
bus_stop,52.3871817,4.8388942
bus_stop,52.3929593,4.912674
bus_stop,52.3930025,4.9127514
bus_stop,52.3745103,4.9044762
bus_stop,52.3967317,4.9401432
bus_stop,52.3529135,4.8695291
bus_stop,52.3559967,4.8796094
bus_stop,52.3697306,4.8774469
bus_stop,52.3681136,4.8784415
bus_stop,52.351202,4.8557315
bus_stop,52.3512456,4.8567595
bus_stop,52.3510129,4.7951253
bus_stop,52.3321875,4.7779866
bus_stop,52.3105216,4.9464684
bus_stop,52.3720523,4.8594962
bus_stop,52.3891842,4.9192598
bus_stop,52.4014586,4.9057855
bus_stop,52.3131177,4.8565738
bus_stop,52.3813066,4.8808595
bus_stop,52.3817102,4.8812594
bus_stop,52.3833015,4.9057302
bus_stop,52.3113329,4.9474683
bus_stop,52.3901067,4.8333097
bus_stop,52.3928606,4.8698435
bus_stop,52.3929294,4.8701911
bus_stop,52.3132369,4.8624143
bus_stop,52.3132689,4.8624144
bus_stop,52.3355766,4.7797529
bus_stop,52.3408963,4.8725941
bus_stop,52.3406799,4.8727877
bus_stop,52.3114661,4.8115816
bus_stop,52.3115774,4.8118218
bus_stop,52.3897281,4.8387809
bus_stop,52.3896954,4.838782
bus_stop,52.4023517,4.9317508
bus_stop,52.4023932,4.9318046
bus_stop,52.4024348,4.9318584
bus_stop,52.4024763,4.9319122
bus_stop,52.4025178,4.9319661
bus_stop,52.4025594,4.9320199
bus_stop,52.4026009,4.9320737
bus_stop,52.4026424,4.9321275
bus_stop,52.4020525,4.9334458
bus_stop,52.4020117,4.9333928
bus_stop,52.4019703,4.9333393
bus_stop,52.401929,4.9332857
bus_stop,52.4018876,4.9332322
bus_stop,52.4018462,4.9331786
bus_stop,52.4018049,4.9331251
bus_stop,52.4017635,4.9330715
bus_stop,52.375407,4.8206285
bus_stop,52.374451,4.82679
bus_stop,52.3804244,4.8274905
bus_stop,52.3807647,4.8258181
bus_stop,52.3772975,4.819644
bus_stop,52.3766564,4.819506
bus_stop,52.381208,4.8225168
bus_stop,52.3808384,4.821134
bus_stop,52.3816383,4.8204351
bus_stop,52.3787285,4.8382971
bus_stop,52.3789861,4.8372106
bus_stop,52.3795297,4.8332272
bus_stop,52.3799067,4.8312813
bus_stop,52.3347008,4.8572338
bus_stop,52.335116,4.8662746
bus_stop,52.3349664,4.8673782
bus_stop,52.3384212,4.857223
bus_stop,52.3405991,4.8575376
bus_stop,52.334914,4.8575161
bus_stop,52.3351181,4.8611175
bus_stop,52.3390935,4.858751
bus_stop,52.3352138,4.8600598
bus_stop,52.3438535,4.8570004
bus_stop,52.3440223,4.8568042
bus_stop,52.3415928,4.8577955
bus_stop,52.345237,4.8586482
bus_stop,52.3452854,4.8583317
bus_stop,52.3463224,4.8658439
bus_stop,52.3463493,4.86665
bus_stop,52.3431077,4.8768182
bus_stop,52.3426122,4.8767388
bus_stop,52.3466735,4.8769021
bus_stop,52.3468504,4.8762753
bus_stop,52.3471486,4.8768559
bus_stop,52.3466711,4.8720166
bus_stop,52.3467929,4.8730287
bus_stop,52.3466759,4.9193985
bus_stop,52.3468138,4.919441
bus_stop,52.347133,4.9109862
bus_stop,52.3470823,4.9111659
bus_stop,52.3462581,4.9190923
bus_stop,52.3462264,4.9189547
bus_stop,52.346246,4.9187592
bus_stop,52.3461738,4.9187173
bus_stop,52.3461569,4.918641
bus_stop,52.3461403,4.9185659
bus_stop,52.3461235,4.9184899
bus_stop,52.3461087,4.9184282
bus_stop,52.3370371,4.8909387
bus_stop,52.3402322,4.8921667
bus_stop,52.3404311,4.8923183
bus_stop,52.3444195,4.9006229
bus_stop,52.343121,4.8968287
bus_stop,52.3419413,4.8930079
bus_stop,52.3464044,4.9063597
bus_stop,52.3463845,4.9056648
bus_stop,52.346584,4.9050704
bus_stop,52.3467781,4.905099
bus_stop,52.3858511,4.8931946
bus_stop,52.3716333,4.8381029
bus_stop,52.3706858,4.850012
bus_stop,52.3670002,4.8526276
bus_stop,52.3733347,4.8486161
bus_stop,52.3729798,4.8486968
bus_stop,52.378096,4.8470342
bus_stop,52.3802038,4.8537375
bus_stop,52.3789596,4.8509033
bus_stop,52.3790087,4.8515052
bus_stop,52.3694587,4.8920866
bus_stop,52.3697177,4.892305
bus_stop,52.3735426,4.8936043
bus_stop,52.3748552,4.8954037
bus_stop,52.3768076,4.8947147
bus_stop,52.3768607,4.8946168
bus_stop,52.3739904,4.8843324
bus_stop,52.3740822,4.8837761
bus_stop,52.3720373,4.8752884
bus_stop,52.3723561,4.8763286
bus_stop,52.3718262,4.8759754
bus_stop,52.3515505,4.8456085
bus_stop,52.3516082,4.845011
bus_stop,52.3515185,4.8416418
bus_stop,52.352025,4.8504487
bus_stop,52.3546713,4.9008751
bus_stop,52.3549659,4.9015662
bus_stop,52.3545836,4.9014661
bus_stop,52.3632351,4.8750109
bus_stop,52.3630036,4.8750531
bus_stop,52.3631629,4.8809054
bus_stop,52.3580241,4.8521786
bus_stop,52.3647724,4.8532097
bus_stop,52.3638543,4.8531209
bus_stop,52.3647842,4.8591821
bus_stop,52.3617303,4.8533241
bus_stop,52.3648041,4.8586029
bus_stop,52.3111699,4.9476139
bus_stop,52.3514523,4.9033465
bus_stop,52.3517697,4.9031286
bus_stop,52.3487294,4.9043666
bus_stop,52.3494066,4.9040188
bus_stop,52.3785972,4.8754335
bus_stop,52.3784869,4.8752389
bus_stop,52.3670897,4.8723249
bus_stop,52.3791787,4.9025297
bus_stop,52.3802068,4.8992005
bus_stop,52.3795826,4.9014058
bus_stop,52.3793592,4.9020227
bus_stop,52.3791732,4.9020529
bus_stop,52.3112615,4.9475277
bus_stop,52.3112176,4.9475708
bus_stop,52.3111285,4.9476788
bus_stop,52.3549493,4.9119606
bus_stop,52.3556349,4.9111003
bus_stop,52.3114814,4.9473256
bus_stop,52.3113877,4.9474084
bus_stop,52.3114329,4.9473672
bus_stop,52.3686934,4.9048316
bus_stop,52.3115933,4.947228
bus_stop,52.3116337,4.9471091
bus_stop,52.340699,4.8737158
bus_stop,52.3409581,4.8735724
bus_stop,52.4040569,4.8948129
bus_stop,52.3771614,4.9140507
bus_stop,52.4062848,4.8928497
bus_stop,52.4073401,4.8918662
bus_stop,52.3567187,4.8347455
bus_stop,52.3892859,4.919378
bus_stop,52.3589959,4.8988626
bus_stop,52.3599256,4.8991138
bus_stop,52.361724,4.9405104
bus_stop,52.3610405,4.9337068
bus_stop,52.3647651,4.9476121
bus_stop,52.3602514,4.9250583
bus_stop,52.3533948,4.9310243
bus_stop,52.3667311,4.9109681
bus_stop,52.3652358,4.9152926
bus_stop,52.3662755,4.8964231
bus_stop,52.3662109,4.896817
bus_stop,52.3671599,4.9022613
bus_stop,52.3670031,4.901957
bus_stop,52.363416,4.919601
bus_stop,52.3635251,4.9193741
bus_stop,52.3621902,4.9237859
bus_stop,52.3638366,4.8983492
bus_stop,52.3637865,4.8982641
bus_stop,52.3532048,4.8701553
bus_stop,52.3555241,4.878497
bus_stop,52.3563986,4.8797803
bus_stop,52.3567008,4.8796715
bus_stop,52.3526244,4.8820922
bus_stop,52.3532908,4.8819437
bus_stop,52.3227319,4.7934307
bus_stop,52.3229053,4.7933952
bus_stop,52.3227435,4.793212
bus_stop,52.3225549,4.7931744
bus_stop,52.3225698,4.7929743
bus_stop,52.3224078,4.7929465
bus_stop,52.3221767,4.792677
bus_stop,52.3224018,4.7927414
bus_stop,52.3233105,4.8001488
bus_stop,52.3231922,4.7996946
bus_stop,52.3354879,4.8144556
bus_stop,52.3353605,4.8138497
bus_stop,52.3885531,4.8384978
bus_stop,52.3488172,4.8772355
bus_stop,52.3221145,4.8694103
bus_stop,52.3218391,4.86887
bus_stop,52.3492265,4.8773344
bus_stop,52.3708432,4.8551111
bus_stop,52.3446092,4.901312
bus_stop,52.3466815,4.8250784
bus_stop,52.3467087,4.8242498
bus_stop,52.3773945,4.8784653
bus_stop,52.3744444,4.8765619
bus_stop,52.3725586,4.8758061
bus_stop,52.3788063,4.8794201
bus_stop,52.3665445,4.9113107
bus_stop,52.3621859,4.8989915
bus_stop,52.362016,4.8989467
bus_stop,52.3647478,4.8806582
bus_stop,52.3788767,4.8569952
bus_stop,52.3751367,4.8585133
bus_stop,52.377353,4.8576973
bus_stop,52.3802851,4.8552543
bus_stop,52.3735429,4.8323377
bus_stop,52.3321577,4.8818362
bus_stop,52.332164,4.8884002
bus_stop,52.3343482,4.8875684
bus_stop,52.3275917,4.867509
bus_stop,52.3249807,4.8597418
bus_stop,52.3365992,4.8699009
bus_stop,52.3123867,4.8469593
bus_stop,52.3154608,4.8494357
bus_stop,52.3154485,4.8536299
bus_stop,52.3111128,4.8631989
bus_stop,52.3113256,4.856796
bus_stop,52.3111712,4.8565115
bus_stop,52.3162837,4.8571535
bus_stop,52.3161862,4.8568608
bus_stop,52.3224717,4.8575843
bus_stop,52.3224021,4.857409
bus_stop,52.3270089,4.857364
bus_stop,52.3603539,4.8052256
bus_stop,52.3449218,4.8125247
bus_stop,52.4025685,4.9326603
bus_stop,52.3351375,4.8698051
bus_stop,52.3347019,4.8691117
bus_stop,52.3344845,4.8685956
bus_stop,52.3348707,4.8839045
bus_stop,52.3735765,4.8915153
bus_stop,52.363102,4.8046577
bus_stop,52.3662374,4.89311
bus_stop,52.3714631,4.8603092
bus_stop,52.3714041,4.8602801
bus_stop,52.3289695,4.931068
bus_stop,52.3341889,4.92265
bus_stop,52.3579317,4.9003652
bus_stop,52.3619137,4.9076941
bus_stop,52.3744132,4.8913339
bus_stop,52.3498504,4.8914503
bus_stop,52.3746311,4.8916614
bus_stop,52.3586651,4.8809124
bus_stop,52.3392954,4.8688637
bus_stop,52.3316585,4.8690908
bus_stop,52.3165665,4.8705954
bus_stop,52.3574694,4.8551663
bus_stop,52.3549692,4.8553511
bus_stop,52.3549726,4.8553753
bus_stop,52.3552326,4.8553437
bus_stop,52.3983147,4.9076309
bus_stop,52.3453007,4.7696205
bus_stop,52.3452719,4.7694692
bus_stop,52.378237,4.9073104
bus_stop,52.3766486,4.8064896
bus_stop,52.3368646,4.890456
bus_stop,52.3788168,4.8793051
bus_stop,52.3400358,4.8124514
bus_stop,52.3400583,4.8120317
bus_stop,52.3316883,4.8575398
bus_stop,52.3306251,4.8573235
bus_stop,52.3765236,4.9206411
bus_stop,52.3956673,4.9311597
bus_stop,52.3354112,4.8136412
bus_stop,52.3369246,4.8569144
bus_stop,52.3589695,4.8811939
bus_stop,52.3731426,4.8900774
bus_stop,52.3900014,4.925086
bus_stop,52.3898479,4.9248966
bus_stop,52.3945084,4.8762761
bus_stop,52.3946033,4.8757692
bus_stop,52.3756865,4.8180136
bus_stop,52.3659377,4.886468
bus_stop,52.3659911,4.8864145
bus_stop,52.3650422,4.8844151
bus_stop,52.3817103,4.7901261
bus_stop,52.3814929,4.7911414
bus_stop,52.3517881,4.8565915
bus_stop,52.3885589,4.8383068
bus_stop,52.3833927,4.9059467
bus_stop,52.3881116,4.9246337
bus_stop,52.3968086,4.9403145
bus_stop,52.3586351,4.8907278
tram_stop,52.3580481,4.8521827
tram_stop,52.3635043,4.9193627
tram_stop,52.3679611,4.9053602
tram_stop,52.3813125,4.8792047
tram_stop,52.388084,4.8851416
tram_stop,52.3844185,4.8749198
tram_stop,52.3735332,4.8936441
tram_stop,52.3609314,4.9289422
tram_stop,52.3531224,4.8820871
tram_stop,52.3566951,4.8796377
tram_stop,52.3785888,4.8791909
tram_stop,52.3789376,4.8794559
tram_stop,52.3784783,4.875268
tram_stop,52.3750097,4.8729548
tram_stop,52.3742987,4.872531
tram_stop,52.3659142,4.9324956
tram_stop,52.3659161,4.927204
tram_stop,52.3669934,4.9019846
tram_stop,52.3609734,4.887104
tram_stop,52.3730125,4.9348277
tram_stop,52.3515256,4.8501741
tram_stop,52.3511681,4.8495922
tram_stop,52.3514907,4.8342872
tram_stop,52.3466865,4.8242594
tram_stop,52.3426151,4.8767774
tram_stop,52.3402318,4.8921974
tram_stop,52.3492152,4.8575492
tram_stop,52.3560193,4.8795995
tram_stop,52.3464422,4.8156883
tram_stop,52.3463857,4.8110474
tram_stop,52.3449284,4.8036706
tram_stop,52.3450454,4.8041222
tram_stop,52.3772063,4.9134308
tram_stop,52.3579358,4.8401257
tram_stop,52.3578798,4.834559
tram_stop,52.3647729,4.8531786
tram_stop,52.3565093,4.8107529
tram_stop,52.3580728,4.8509943
tram_stop,52.3515685,4.8456281
tram_stop,52.3560251,4.870782
tram_stop,52.358854,4.8812446
tram_stop,52.3382112,4.8686658
tram_stop,52.3153498,4.8552783
tram_stop,52.3694262,4.8446631
tram_stop,52.377278,4.8029137
tram_stop,52.3432024,4.9474911
tram_stop,52.3591171,4.8032265
tram_stop,52.3279919,4.8565436
tram_stop,52.3352796,4.8544501
tram_stop,52.3411779,4.8524016
tram_stop,52.3710541,4.8708148
tram_stop,52.3768181,4.9373469
tram_stop,52.3766133,4.9373223
tram_stop,52.3467738,4.8730291
tram_stop,52.3468693,4.8762769
tram_stop,52.3488198,4.8771911
tram_stop,52.3492157,4.877365
tram_stop,52.3408227,4.8739688
tram_stop,52.3681426,4.9263002
tram_stop,52.3248927,4.8689671
tram_stop,52.3219431,4.8690693
tram_stop,52.3732299,4.9334664
tram_stop,52.3463018,4.8658574
tram_stop,52.3638329,4.8983188
tram_stop,52.3599361,4.8990837
tram_stop,52.3575783,4.8994017
tram_stop,52.3446536,4.9011051
tram_stop,52.3444211,4.9005615
tram_stop,52.3428638,4.8962714
tram_stop,52.343118,4.896873
tram_stop,52.341925,4.8930007
tram_stop,52.3369049,4.8905473
tram_stop,52.3546903,4.9008616
tram_stop,52.3549446,4.9015849
tram_stop,52.3668676,4.9248123
tram_stop,52.3700769,4.9293975
tram_stop,52.359326,4.8077454
tram_stop,52.3650035,4.8843839
tram_stop,52.3659309,4.8863435
tram_stop,52.3452652,4.8583402
tram_stop,52.3778942,4.9003819
tram_stop,52.3778507,4.9009769
tram_stop,52.3610021,4.9071213
tram_stop,52.3614042,4.9091584
tram_stop,52.3572865,4.9093615
tram_stop,52.3612127,4.9328494
tram_stop,52.3471106,4.9109989
tram_stop,52.3468171,4.9003351
tram_stop,52.3465631,4.8997164
tram_stop,52.3472646,4.8915256
tram_stop,52.3828002,4.8508513
tram_stop,52.3811188,4.8539004
tram_stop,52.3788687,4.8569721
tram_stop,52.3773555,4.8577243
tram_stop,52.3751323,4.8584711
tram_stop,52.3743002,4.8586427
tram_stop,52.371502,4.8600128
tram_stop,52.3706925,4.8636349
tram_stop,52.3735665,4.9388456
tram_stop,52.3638735,4.9192366
tram_stop,52.3623479,4.9135923
tram_stop,52.3595051,4.8921024
tram_stop,52.3773658,4.8784155
tram_stop,52.3832175,4.8770204
tram_stop,52.3842644,4.8698541
tram_stop,52.3507313,4.935404
tram_stop,52.353568,4.9308725
tram_stop,52.3570067,4.9272293
tram_stop,52.3601162,4.9257029
tram_stop,52.3597959,4.92547
tram_stop,52.3667187,4.910955
tram_stop,52.3647569,4.9476342
tram_stop,52.3622746,4.9441018
tram_stop,52.3617259,4.9401785
tram_stop,52.3590732,4.9167422
tram_stop,52.3744231,4.8912853
tram_stop,52.381394,4.8809562
tram_stop,52.3537327,4.7747567
tram_stop,52.352828,4.7770976
tram_stop,52.3501979,4.7836582
tram_stop,52.3498075,4.7888748
tram_stop,52.3510417,4.7951129
tram_stop,52.3525411,4.8025242
tram_stop,52.3539266,4.8090899
tram_stop,52.3564413,4.7913
tram_stop,52.3579858,4.7990044
tram_stop,52.3617312,4.8532957
tram_stop,52.3648019,4.8591799
tram_stop,52.3654149,4.8653608
tram_stop,52.365525,4.8656566
tram_stop,52.3671317,4.8717586
tram_stop,52.3590503,4.8603541
tram_stop,52.3588447,4.8596776
tram_stop,52.3772617,4.8033914
tram_stop,52.3768507,4.8071867
tram_stop,52.3763846,4.8119642
tram_stop,52.3758565,4.8176034
tram_stop,52.3743645,4.8277027
tram_stop,52.3744723,4.8268013
tram_stop,52.3730297,4.8359077
tram_stop,52.3716278,4.8381341
tram_stop,52.3695968,4.8384594
tram_stop,52.3701459,4.8507957
tram_stop,52.3709604,4.8554942
tram_stop,52.3750672,4.8187509
tram_stop,52.3733319,4.8485891
tram_stop,52.3727319,4.891245
tram_stop,52.3735587,4.8913489
tram_stop,52.3573493,4.9097221
tram_stop,52.3533345,4.8949263
tram_stop,52.338422,4.8572486
tram_stop,52.3382323,4.857301
tram_stop,52.3416051,4.8577457
tram_stop,52.3405984,4.8575721
tram_stop,52.3440249,4.8568368
tram_stop,52.3529363,4.8695155
tram_stop,52.3695272,4.8775579
tram_stop,52.3479273,4.9398853
tram_stop,52.3771934,4.8464234
tram_stop,52.3491038,4.8275024
tram_stop,52.3777823,4.8449335
tram_stop,52.349218,4.8274406
tram_stop,52.3798913,4.8312794
tram_stop,52.3787581,4.8382938
tram_stop,52.3808373,4.8211591
tram_stop,52.378963,4.8372054
tram_stop,52.3726515,4.8759027
tram_stop,52.3723364,4.8763385
tram_stop,52.3812253,4.8225241
tram_stop,52.3681689,4.8784804
tram_stop,52.38075,4.8258104
tram_stop,52.368541,4.8768971
tram_stop,52.3804505,4.8275036
tram_stop,52.3795507,4.8332396
tram_stop,52.3351977,4.8600614
tram_stop,52.3351485,4.8611177
tram_stop,52.3740565,4.8837739
tram_stop,52.3559245,4.8791804
tram_stop,52.3563875,4.8798146
tram_stop,52.3438468,4.8569523
tram_stop,52.3740143,4.8843359
tram_stop,52.3512422,4.856734
tram_stop,52.3516183,4.8569532
tram_stop,52.3531926,4.870169
tram_stop,52.3519533,4.8582793
tram_stop,52.3517583,4.8564723
tram_stop,52.3768269,4.8946766
tram_stop,52.3768464,4.8946435
tram_stop,52.3515095,4.8337504
tram_stop,52.3760656,4.9220599
tram_stop,52.3464822,4.816387
tram_stop,52.3524376,4.8018381
tram_stop,52.3579573,4.8397482
tram_stop,52.3463657,4.9056743
tram_stop,52.3467733,4.905072
tram_stop,52.358335,4.9134821
tram_stop,52.3708621,4.8551084
tram_stop,52.3352308,4.8659833
tram_stop,52.3712485,4.8705518
tram_stop,52.3728657,4.8186098
tram_stop,52.34941,4.904043
tram_stop,52.3617404,4.9405051
tram_stop,52.3634456,4.883062
tram_stop,52.3605256,4.8666219
tram_stop,52.3515418,4.8416382
tram_stop,52.351558,4.83976
tram_stop,52.3646155,4.8807936
tram_stop,52.3766604,4.8194571
tram_stop,52.338012,4.8687238
tram_stop,52.332589,4.8688694
tram_stop,52.3555825,4.7870176
tram_stop,52.3554481,4.7864929
tram_stop,52.3531821,4.8633455
tram_stop,52.3532989,4.8636337
tram_stop,52.3530108,4.776554
tram_stop,52.3504489,4.7829483
tram_stop,52.3611749,4.9336328
tram_stop,52.3879696,4.8392172
tram_stop,52.3673632,4.8725518
tram_stop,52.3742782,4.8763837
tram_stop,52.3670831,4.8722954
tram_stop,52.3778058,4.9003434
tram_stop,52.3778505,4.9003629
tram_stop,52.3803006,4.8552771
tram_stop,52.3820439,4.8522251
tram_stop,52.3748676,4.8953791
tram_stop,52.3694572,4.8921252
tram_stop,52.3697221,4.892274
tram_stop,52.3662601,4.8964238
tram_stop,52.3671715,4.9022284
tram_stop,52.3677535,4.9058474
tram_stop,52.3665623,4.9113237
tram_stop,52.3637916,4.8982915
tram_stop,52.3590024,4.8989049
tram_stop,52.3550346,4.9010669
tram_stop,52.3514501,4.90332
tram_stop,52.3465873,4.9051006
tram_stop,52.3487259,4.9043407
tram_stop,52.3651045,4.9155317
tram_stop,52.3634343,4.9196097
tram_stop,52.3652225,4.9152768
tram_stop,52.3621936,4.9238286
tram_stop,52.361616,4.9241559
tram_stop,52.360259,4.9250867
tram_stop,52.3574383,4.9269018
tram_stop,52.351066,4.934801
tram_stop,52.3476135,4.9404536
tram_stop,52.3428971,4.9478959
tram_stop,52.3772761,4.912547
tram_stop,52.3729896,4.9340409
tram_stop,52.368085,4.8889206
tram_stop,52.3761672,4.9211099
tram_stop,52.3744189,4.876516
tram_stop,52.3858873,4.8460808
tram_stop,52.3640547,4.9385662
tram_stop,52.3641725,4.9382411
tram_stop,52.3734596,4.9381702
tram_stop,52.3723569,4.8906536
tram_stop,52.3662292,4.8968199
tram_stop,52.3718196,4.875944
tram_stop,52.3720538,4.8752838
tram_stop,52.3545776,4.9014422
tram_stop,52.341887,4.893324
tram_stop,52.3404324,4.8922816
tram_stop,52.3369161,4.8906393
tram_stop,52.3362207,4.889801
tram_stop,52.3471037,4.9111583
tram_stop,52.3704336,4.8641598
tram_stop,52.3713902,4.8604577
tram_stop,52.3674579,4.8719933
tram_stop,52.3708243,4.8698359
tram_stop,52.3527058,4.8905961
tram_stop,52.3630125,4.8750893
tram_stop,52.363227,4.8749794
tram_stop,52.3474774,4.8911566
tram_stop,52.3584538,4.878318
tram_stop,52.3587793,4.8781266
tram_stop,52.3464278,4.9063478
tram_stop,52.3509515,4.7944986
tram_stop,52.3496994,4.7881565
tram_stop,52.3577873,4.8262383
tram_stop,52.3578123,4.8258953
tram_stop,52.3659919,4.8865383
tram_stop,52.3642233,4.8829717
tram_stop,52.3538423,4.8084929
tram_stop,52.3538687,4.7745043
tram_stop,52.35637,4.8099119
tram_stop,52.3650457,4.8845404
tram_stop,52.3579004,4.8337835
tram_stop,52.3586176,4.8506975
tram_stop,52.3559987,4.8705851
tram_stop,52.3462812,4.8105405
tram_stop,52.346707,4.8250738
tram_stop,52.3816379,4.88118
tram_stop,52.3786007,4.8754111
tram_stop,52.3531905,4.8942153
tram_stop,52.3582391,4.9172481
tram_stop,52.3607965,4.9326128
tram_stop,52.3583909,4.9137826
tram_stop,52.3610986,4.9297575
tram_stop,52.3599165,4.9249118
tram_stop,52.346674,4.8768645
tram_stop,52.3471425,4.8768834
tram_stop,52.3431074,4.8767749
tram_stop,52.3647872,4.8586095
tram_stop,52.3729826,4.8487242
tram_stop,52.3633708,4.9185684
tram_stop,52.3594109,4.8978483
tram_stop,52.3649431,4.9478662
tram_stop,52.3621442,4.9433884
tram_stop,52.3612917,4.8863802
tram_stop,52.3683184,4.9265233
tram_stop,52.3701978,4.9295997
tram_stop,52.3666491,4.9242477
tram_stop,52.372928,4.9344011
tram_stop,52.3831444,4.877086
tram_stop,52.3810685,4.8791525
tram_stop,52.3842946,4.8751351
tram_stop,52.3694429,4.8438216
tram_stop,52.376923,4.8068137
tram_stop,52.3714269,4.8381019
tram_stop,52.3697121,4.8378389
tram_stop,52.3732337,4.8350051
tram_stop,52.3702349,4.8514871
tram_stop,52.3659034,4.9275974
tram_stop,52.3658377,4.9325945
tram_stop,52.3351971,4.8663865
tram_stop,52.3490455,4.8575004
tram_stop,52.3565018,4.7917476
tram_stop,52.3615937,4.853247
tram_stop,52.3580819,4.7995669
tram_stop,52.3595388,4.8032041
tram_stop,52.3638557,4.8531487
tram_stop,52.358636,4.8080582
tram_stop,52.346695,4.8720137
tram_stop,52.3463735,4.8666421
tram_stop,52.3452686,4.8586416
tram_stop,52.3763312,4.8469734
tram_stop,52.3669952,4.852596
tram_stop,52.3673886,4.8523612
tram_stop,52.3515947,4.8450157
tram_stop,52.3219463,4.8692108
tram_stop,52.3325889,4.86881
tram_stop,52.3248966,4.8690235
tram_stop,52.311833,4.8723724
tram_stop,52.3156718,4.855406
tram_stop,52.3352719,4.8543795
tram_stop,52.3305598,4.8560952
tram_stop,52.3218182,4.8565037
tram_stop,52.385873,4.8467105
tram_stop,52.357015,4.9272548
tram_stop,52.3574304,4.9268761
tram_stop,52.3526769,4.8901771
tram_stop,52.3570037,4.8907033
tram_stop,52.3662653,4.8931342
tram_stop,52.3659135,4.8930838
tram_stop,52.3571177,4.8907718
tram_stop,52.3442966,4.8509865
tram_stop,52.3465483,4.8520759
tram_stop,52.3493953,4.8563405
tram_stop,52.3214358,4.8564951
tram_stop,52.3274177,4.8565395
tram_stop,52.3109438,4.8507838
tram_stop,52.3115129,4.851035
tram_stop,52.3632085,4.8810698
tram_stop,52.3408165,4.8731849
tram_stop,52.3620972,4.898949
tram_stop,52.3621338,4.8989773
tram_stop,52.347445,4.9178945
tram_stop,52.3596835,4.9000102
tram_stop,52.3594772,4.8925358
tram_stop,52.3706445,4.8703967
tram_stop,52.3159021,4.8706653
tram_stop,52.3158787,4.8705431
tram_stop,52.3117915,4.8722536
tram_stop,52.3474274,4.9178096
tram_stop,52.3470662,4.8954127
tram_stop,52.3468163,4.8947303
tram_stop,52.3783193,4.8992878
tram_stop,52.3782813,4.8991546
tram_stop,52.378303,4.8992178
tram_stop,52.3783416,4.8993575
tram_stop,52.3704058,4.8500681
tram_stop,52.3706818,4.8499792
tram_stop,52.3771987,4.8464503
tram_stop,52.360364,4.8657924
tram_stop,52.3642479,4.853975
tram_stop,52.3517731,4.903158
tram_stop,52.3593327,4.8923379
tram_stop,52.3534088,4.9310414
tram_stop,52.3527563,4.8828562
tram_stop,52.3526434,4.8820747
tram_stop,52.3778833,4.878697
tram_stop,52.3677188,4.8893427
tram_stop,52.3586751,4.8804736
tram_stop,52.3586778,4.8805299
tram_stop,52.3624363,4.9141489
tram_stop,52.3493102,4.8914418
tram_stop,52.3719007,4.8906411
tram_stop,52.3549726,4.8553753
tram_stop,52.3615386,4.9388387
tram_stop,52.3747581,4.8917191
tram_stop,52.3790052,4.903277
tram_stop,52.3497109,4.8914559
tram_stop,52.3757902,4.8179757
tram_stop,52.3763175,4.8129201
tram_stop,52.3572692,4.8994975
metro_stop,52.3678364,4.9021531
metro_stop,52.3662234,4.9049175
metro_stop,52.3705305,4.900338
metro_stop,52.3531267,4.9125252
metro_stop,52.353248,4.9131154
metro_stop,52.3554753,4.9117667
metro_stop,52.3615869,4.9080611
metro_stop,52.3609246,4.9085412
metro_stop,52.3552759,4.9112569
metro_stop,52.3398896,4.9207079
metro_stop,52.3400467,4.921353
metro_stop,52.3704463,4.9007556
metro_stop,52.3234795,4.9365271
metro_stop,52.3722981,4.9018885
metro_stop,52.3767811,4.9014462
metro_stop,52.3770787,4.901646
metro_stop,52.3769392,4.9023263
metro_stop,52.3615812,4.9081226
metro_stop,52.3616449,4.9073078
metro_stop,52.3778332,4.8992702
metro_stop,52.3780857,4.9006779
metro_stop,52.37854,4.8994201
metro_stop,52.3611253,4.9075059
metro_stop,52.3612334,4.9085513
metro_stop,52.3613395,4.9072273
metro_stop,52.3721187,4.9008212
metro_stop,52.32443,4.9382191
metro_stop,52.3672415,4.9017898
metro_stop,52.3673671,4.9019277
metro_stop,52.3406555,4.8912711
metro_stop,52.342315,4.8911495
metro_stop,52.3424781,4.8912581
metro_stop,52.3424715,4.8911908
metro_stop,52.3424846,4.8913247
metro_stop,52.3405579,4.8913083
metro_stop,52.3405548,4.8913725
metro_stop,52.3405517,4.8914339
metro_stop,52.4026388,4.9331877
metro_stop,52.3890961,4.9190048
metro_stop,52.4015132,4.9317375
metro_stop,52.4023209,4.9323052
metro_stop,52.4020515,4.9328847
metro_stop,52.4019026,4.932237
metro_stop,52.4019687,4.9327803
metro_stop,52.4022228,4.9321818
metro_stop,52.4018038,4.9321121
metro_stop,52.3598804,4.8907363
metro_stop,52.3618257,4.8914355
metro_stop,52.3695771,4.8924716
metro_stop,52.3718363,4.8930503
metro_stop,52.3549425,4.8906806
metro_stop,52.35288,4.890765
metro_stop,52.3597631,4.8911314
metro_stop,52.3595834,4.8916883
metro_stop,52.3703521,4.9002362
